{"transition_matrix": {"uptrend|uptrend": {"consolidation": 0.3220338983050847, "reversal": 0.1791767554479419, "breakout": 0.08958837772397095, "uptrend": 0.4092009685230024}, "uptrend|consolidation": {"breakout": 0.2871287128712871, "downtrend": 0.15841584158415842, "uptrend": 0.22772277227722773, "consolidation": 0.32673267326732675}, "consolidation|breakout": {"consolidation": 0.18604651162790697, "downtrend": 0.2823920265780731, "uptrend": 0.4152823920265781, "reversal": 0.11627906976744186}, "breakout|consolidation": {"consolidation": 0.3225806451612903, "breakout": 0.3225806451612903, "uptrend": 0.16129032258064516, "downtrend": 0.1935483870967742}, "consolidation|consolidation": {"consolidation": 0.3016759776536313, "downtrend": 0.22625698324022347, "uptrend": 0.18435754189944134, "breakout": 0.2877094972067039}, "consolidation|downtrend": {"downtrend": 0.39351851851851855, "consolidation": 0.3333333333333333, "reversal": 0.16203703703703703, "breakout": 0.1111111111111111}, "downtrend|downtrend": {"consolidation": 0.30132450331125826, "breakout": 0.12582781456953643, "downtrend": 0.3841059602649007, "reversal": 0.18874172185430463}, "downtrend|consolidation": {"breakout": 0.2265625, "consolidation": 0.359375, "uptrend": 0.23828125, "downtrend": 0.17578125}, "breakout|downtrend": {"breakout": 0.14545454545454545, "consolidation": 0.3696969696969697, "downtrend": 0.34545454545454546, "reversal": 0.1393939393939394}, "downtrend|breakout": {"consolidation": 0.17525773195876287, "downtrend": 0.29896907216494845, "reversal": 0.09278350515463918, "uptrend": 0.4329896907216495}, "consolidation|uptrend": {"consolidation": 0.31196581196581197, "uptrend": 0.36324786324786323, "reversal": 0.2264957264957265, "breakout": 0.09829059829059829}, "uptrend|reversal": {"consolidation": 0.2708333333333333, "uptrend": 0.296875, "downtrend": 0.3333333333333333, "breakout": 0.09895833333333333}, "reversal|consolidation": {"breakout": 0.23148148148148148, "downtrend": 0.26851851851851855, "uptrend": 0.2037037037037037, "consolidation": 0.2962962962962963}, "reversal|uptrend": {"uptrend": 0.5121951219512195, "consolidation": 0.21138211382113822, "reversal": 0.17073170731707318, "breakout": 0.10569105691056911}, "uptrend|breakout": {"uptrend": 0.4574468085106383, "consolidation": 0.13829787234042554, "downtrend": 0.32978723404255317, "reversal": 0.07446808510638298}, "breakout|uptrend": {"consolidation": 0.3067226890756303, "uptrend": 0.42016806722689076, "reversal": 0.18487394957983194, "breakout": 0.08823529411764706}, "downtrend|reversal": {"consolidation": 0.3106060606060606, "uptrend": 0.29545454545454547, "downtrend": 0.26515151515151514, "breakout": 0.12878787878787878}, "breakout|reversal": {"uptrend": 0.3888888888888889, "breakout": 0.2037037037037037, "consolidation": 0.2222222222222222, "downtrend": 0.18518518518518517}, "reversal|breakout": {"downtrend": 0.36, "uptrend": 0.46, "consolidation": 0.12, "reversal": 0.06}, "reversal|downtrend": {"downtrend": 0.36936936936936937, "consolidation": 0.32432432432432434, "breakout": 0.11711711711711711, "reversal": 0.1891891891891892}}, "state_counts": {"uptrend|uptrend": 413, "uptrend|consolidation": 303, "consolidation|breakout": 301, "breakout|consolidation": 93, "consolidation|consolidation": 358, "consolidation|downtrend": 216, "downtrend|downtrend": 302, "downtrend|consolidation": 256, "breakout|downtrend": 165, "downtrend|breakout": 97, "consolidation|uptrend": 234, "uptrend|reversal": 192, "reversal|consolidation": 108, "reversal|uptrend": 123, "uptrend|breakout": 94, "breakout|uptrend": 238, "downtrend|reversal": 132, "breakout|reversal": 54, "reversal|breakout": 50, "reversal|downtrend": 111}, "pattern_types": ["uptrend", "reversal", "downtrend", "breakout", "consolidation"], "order": 2}